{
  "site": "محمد علی کمالوند - مقالات",
  "updated": "2025-10-09",
  "articles": [
    {
      "id": "chidamane-shimi-ai",
      "title": "چیدمان انبارهای مواد شیمیایی با استفاده از هوش مصنوعی",
      "description": "راهنمای عملی برای افزایش ایمنی و بهینه‌سازی جایگذاری کالاها با الگوریتم‌های یادگیری ماشین.",
      "url": "articles/chidamane-shimi-ai.html",
      "date": "2025-07-30",
      "tags": [
        "انبارداری",
        "هوش مصنوعی",
        "ایمنی"
      ]
    }
  ]
}